{
  "x_feet_per_pixel": 0.160771704,
  "y_feet_per_pixel": 0.160771704
}
